{
	"info": {
		"_postman_id": "4660411b-2ff8-4402-8058-772df55c352c",
		"name": "Actofit",
		"schema": "https://schema.getpostman.com/json/collection/v2.1.0/collection.json"
	},
	"item": [
		{
			"name": "Register-User",
			"request": {
				"method": "POST",
				"header": [],
				"body": {
					"mode": "raw",
					"raw": "{\r\n    \"firstName\": \"Akshay\",\r\n    \"lastName\": \"Patil\",\r\n    \"email\": \"akshay.p@gmail.com\",\r\n    \"mobile\": \"9167477738\" ,\r\n    \"password\": \"ameyaactofit123\",\r\n    \"organisationName\": \"Actofit\"\r\n}",
					"options": {
						"raw": {
							"language": "json"
						}
					}
				},
				"url": {
					"raw": "{{ActofitAppURL}}/user/register",
					"host": [
						"{{ActofitAppURL}}"
					],
					"path": [
						"user",
						"register"
					]
				}
			},
			"response": []
		},
		{
			"name": "Login-User",
			"request": {
				"method": "POST",
				"header": [],
				"body": {
					"mode": "raw",
					"raw": "{\r\n    \"user_id\": \"ameya.uba@gmail.com\",\r\n\t\"password\":\"ameyaactofit\"\r\n}",
					"options": {
						"raw": {
							"language": "json"
						}
					}
				},
				"url": {
					"raw": "{{ActofitAppURL}}/user/login",
					"host": [
						"{{ActofitAppURL}}"
					],
					"path": [
						"user",
						"login"
					]
				}
			},
			"response": []
		},
		{
			"name": "Search-Employee",
			"request": {
				"method": "GET",
				"header": [],
				"url": {
					"raw": "{{ActofitAppURL}}/user/search-employee/?firstName=Ameya&lastName=Bhadalkar&email=ameya.uba@gmail.com&mobile=9167477736&employeeId=60a28332febc5b38c4307647",
					"host": [
						"{{ActofitAppURL}}"
					],
					"path": [
						"user",
						"search-employee",
						""
					],
					"query": [
						{
							"key": "firstName",
							"value": "Ameya"
						},
						{
							"key": "lastName",
							"value": "Bhadalkar"
						},
						{
							"key": "email",
							"value": "ameya.uba@gmail.com"
						},
						{
							"key": "mobile",
							"value": "9167477736"
						},
						{
							"key": "employeeId",
							"value": "60a28332febc5b38c4307647"
						}
					]
				}
			},
			"response": []
		},
		{
			"name": "Sort-Employee",
			"request": {
				"method": "GET",
				"header": [],
				"url": {
					"raw": "{{ActofitAppURL}}/user/sort-employee/",
					"host": [
						"{{ActofitAppURL}}"
					],
					"path": [
						"user",
						"sort-employee",
						""
					]
				}
			},
			"response": []
		}
	],
	"event": [
		{
			"listen": "prerequest",
			"script": {
				"type": "text/javascript",
				"exec": [
					"pm.test(\"Get URL\", function () {",
					"    var url = ActofitAppURL;",
					"    console.log(url);",
					"});"
				]
			}
		},
		{
			"listen": "test",
			"script": {
				"type": "text/javascript",
				"exec": [
					""
				]
			}
		}
	],
	"variable": [
		{
			"key": "ActofitAppURL",
			"value": "http://localhost:3010"
		}
	]
}